{
  "np(FCC_L12)": [
    0.0,
    1.0000000000000002,
    0.9999999999999999,
    1.0000000000000004,
    0.9999999999999977,
    0.9999999999999981,
    0.9999999999999986,
    1.0000000000000016,
    1.0000000000000022,
    1.0000000000000007,
    0.9999999999999994,
    0.9999999999999992,
    1.0000000000000002,
    1.0,
    1.0000000000000002,
    0.9999999999999994,
    1.0000000000000002,
    0.9999999999999999,
    1.0000000000000002,
    0.9999999999999998,
    0.9999999999999994,
    1.0000000000000002,
    1.0000000000000004,
    0.9999999999999994,
    1.0000000000000002,
    0.9999999999999993,
    0.9999999999999997,
    1.0000000000000007,
    0.9999999999999994,
    0.9999999999999992,
    0.9999999999999993,
    1.0000000000000009,
    0.9999999999999991,
    0.9999999999999991,
    0.9999999999999971,
    0.9999999999999988,
    1.0000000000000013,
    1.0,
    0.9999999999999997,
    1.0000000000000004
  ],
  "np(FCC_L12#1)": [
    0.0,
    1.0000000000000002,
    0.9999999999999999,
    1.0000000000000004,
    0.9999999999999977,
    0.9999999999999981,
    0.9999999999999986,
    1.0000000000000016,
    1.0000000000000022,
    1.0000000000000007,
    0.9999999999999994,
    0.9999999999999992,
    1.0000000000000002,
    1.0,
    1.0000000000000002,
    0.9999999999999994,
    1.0000000000000002,
    0.9999999999999999,
    1.0000000000000002,
    0.9999999999999998,
    0.9999999999999994,
    1.0000000000000002,
    1.0000000000000004,
    0.9999999999999994,
    1.0000000000000002,
    0.9999999999999993,
    0.9999999999999997,
    1.0000000000000007,
    0.9999999999999994,
    0.9999999999999992,
    0.9999999999999993,
    1.0000000000000009,
    0.9999999999999991,
    0.9999999999999991,
    0.9999999999999971,
    0.9999999999999988,
    1.0000000000000013,
    1.0,
    0.9999999999999997,
    1.0000000000000004
  ],
  "np(FCC_L12#2)": [
    NaN,
    NaN,
    NaN,
    NaN,
    NaN,
    NaN,
    NaN,
    NaN,
    NaN,
    NaN,
    NaN,
    NaN,
    NaN,
    NaN,
    NaN,
    NaN,
    NaN,
    NaN,
    NaN,
    NaN,
    NaN,
    NaN,
    NaN,
    NaN,
    NaN,
    NaN,
    NaN,
    NaN,
    NaN,
    NaN,
    NaN,
    NaN,
    NaN,
    NaN,
    NaN,
    NaN,
    NaN,
    NaN,
    NaN,
    NaN
  ]
}