{
  "np(FCC_L12)": [
    1.0,
    1.0000000000000004,
    0.9999999999999996,
    1.0000000000000004,
    0.9999999999999967,
    1.0000000000000049,
    1.0000000000000007,
    1.0000000000000036,
    1.000000000000002,
    0.9999999999999994,
    1.0000000000000007,
    0.9999999999999972,
    0.9999999999999999,
    0.9999999999999992,
    1.0000000000000007,
    1.0000000000000009,
    1.0000000000000007,
    0.9999999999999999,
    1.0000000000000007,
    0.9999999999999996,
    1.0,
    0.9999999999999997,
    1.0000000000000002,
    1.0000000000000002,
    0.9999999999999997,
    0.9999999999999998,
    1.0000000000000002,
    0.9999999999999996,
    1.0000000000000007,
    1.0000000000000007,
    1.000000000000002,
    1.0,
    1.0000000000000002,
    0.9999999999999984,
    1.0000000000000002,
    1.0000000000000016,
    1.000000000000002,
    1.0000000000000004,
    1.0000000000000018,
    1.0000000000000009
  ],
  "np(FCC_L12#1)": [
    1.0,
    1.0000000000000004,
    0.9999999999999996,
    1.0000000000000004,
    0.9999999999999967,
    1.0000000000000049,
    1.0000000000000007,
    1.0000000000000036,
    1.000000000000002,
    0.9999999999999994,
    1.0000000000000007,
    0.9999999999999972,
    0.9999999999999999,
    0.9999999999999992,
    1.0000000000000007,
    1.0000000000000009,
    1.0000000000000007,
    0.9999999999999999,
    1.0000000000000007,
    0.9999999999999996,
    1.0,
    0.9999999999999997,
    1.0000000000000002,
    1.0000000000000002,
    0.9999999999999997,
    0.9999999999999998,
    1.0000000000000002,
    0.9999999999999996,
    1.0000000000000007,
    1.0000000000000007,
    1.000000000000002,
    1.0,
    1.0000000000000002,
    0.9999999999999984,
    1.0000000000000002,
    1.0000000000000016,
    1.000000000000002,
    1.0000000000000004,
    1.0000000000000018,
    1.0000000000000009
  ],
  "np(FCC_L12#2)": [
    0.0,
    0.0,
    0.0,
    0.0,
    0.0,
    0.0,
    0.0,
    0.0,
    0.0,
    0.0,
    0.0,
    0.0,
    0.0,
    0.0,
    0.0,
    0.0,
    0.0,
    0.0,
    0.0,
    0.0,
    0.0,
    0.0,
    0.0,
    0.0,
    0.0,
    0.0,
    0.0,
    0.0,
    0.0,
    0.0,
    0.0,
    0.0,
    0.0,
    0.0,
    0.0,
    0.0,
    0.0,
    0.0,
    0.0,
    0.0
  ]
}