{
  "np(FCC_L12)": [
    1.0,
    1.0000000000000004,
    0.9999999999999993,
    1.0000000000000002,
    0.9999999999999982,
    0.9999999999999976,
    1.000000000000002,
    1.000000000000003,
    1.0000000000000009,
    1.000000000000002,
    1.0000000000000027,
    0.9999999999999994,
    1.0000000000000024,
    0.9999999999999999,
    1.0000000000000002,
    1.0,
    1.0,
    0.9999999999999994,
    0.9999999999999998,
    0.9999999999999999,
    0.9999999999999999,
    1.0,
    0.9999999999999999,
    0.9999999999999999,
    1.0,
    1.0000000000000002,
    1.0000000000000009,
    0.9999999999999992,
    1.0000000000000004,
    1.0,
    0.9999999999999997,
    0.999999999999999,
    0.999999999999999,
    1.000000000000001,
    1.0000000000000002,
    1.000000000000002,
    1.0000000000000022,
    1.0000000000000022,
    1.0000000000000007,
    0.9999999999999989
  ],
  "np(FCC_L12#1)": [
    1.0,
    1.0000000000000004,
    0.9999999999999993,
    1.0000000000000002,
    0.9999999999999982,
    0.9999999999999976,
    1.000000000000002,
    1.000000000000003,
    1.0000000000000009,
    1.000000000000002,
    1.0000000000000027,
    0.9999999999999994,
    1.0000000000000024,
    0.9999999999999999,
    1.0000000000000002,
    1.0,
    1.0,
    0.9999999999999994,
    0.9999999999999998,
    0.9999999999999999,
    0.9999999999999999,
    1.0,
    0.9999999999999999,
    0.9999999999999999,
    1.0,
    1.0000000000000002,
    1.0000000000000009,
    0.9999999999999992,
    1.0000000000000004,
    1.0,
    0.9999999999999997,
    0.999999999999999,
    0.999999999999999,
    1.000000000000001,
    1.0000000000000002,
    1.000000000000002,
    1.0000000000000022,
    1.0000000000000022,
    1.0000000000000007,
    0.9999999999999989
  ],
  "np(FCC_L12#2)": [
    0.0,
    0.0,
    0.0,
    0.0,
    0.0,
    0.0,
    0.0,
    0.0,
    0.0,
    0.0,
    0.0,
    0.0,
    0.0,
    0.0,
    0.0,
    0.0,
    0.0,
    0.0,
    0.0,
    0.0,
    0.0,
    0.0,
    0.0,
    0.0,
    0.0,
    0.0,
    0.0,
    0.0,
    0.0,
    0.0,
    0.0,
    0.0,
    0.0,
    0.0,
    0.0,
    0.0,
    0.0,
    0.0,
    0.0,
    0.0
  ]
}