{
  "np(FCC_L12)": [
    0.9999999999999999,
    0.9999999999999998,
    0.9999999999999994,
    1.0000000000000013,
    1.0000000000000024,
    0.9999999999999943,
    0.9999999999999983,
    1.0000000000000016,
    1.0000000000000095,
    1.0000000000000107,
    0.9999999999999986,
    1.0000000000000018,
    0.9999999999999996,
    0.9999999999999993,
    0.9999999999999998,
    1.0000000000000007,
    0.9999999999999998,
    1.0,
    0.9999999999999999,
    1.0,
    0.9999999999999998,
    1.0000000000000002,
    0.9999999999999999,
    0.9999999999999997,
    1.0000000000000004,
    1.0000000000000007,
    0.9999999999999998,
    1.0,
    0.9999999999999993,
    0.9999999999999998,
    1.0000000000000004,
    1.0000000000000004,
    0.9999999999999991,
    0.9999999999999997,
    1.000000000000002,
    1.0000000000000002,
    0.9999999999999994,
    0.9999999999999996,
    1.0000000000000007,
    1.0000000000000007
  ],
  "np(FCC_L12#1)": [
    0.9999999999999999,
    0.9999999999999998,
    0.9999999999999994,
    1.0000000000000013,
    1.0000000000000024,
    0.9999999999999943,
    0.9999999999999983,
    1.0000000000000016,
    1.0000000000000095,
    1.0000000000000107,
    0.9999999999999986,
    1.0000000000000018,
    0.9999999999999996,
    0.9999999999999993,
    0.9999999999999998,
    1.0000000000000007,
    0.9999999999999998,
    1.0,
    0.9999999999999999,
    1.0,
    0.9999999999999998,
    1.0000000000000002,
    0.9999999999999999,
    0.9999999999999997,
    1.0000000000000004,
    1.0000000000000007,
    0.9999999999999998,
    1.0,
    0.9999999999999993,
    0.9999999999999998,
    1.0000000000000004,
    1.0000000000000004,
    0.9999999999999991,
    0.9999999999999997,
    1.000000000000002,
    1.0000000000000002,
    0.9999999999999994,
    0.9999999999999996,
    1.0000000000000007,
    1.0000000000000007
  ],
  "np(FCC_L12#2)": [
    NaN,
    NaN,
    NaN,
    NaN,
    NaN,
    NaN,
    NaN,
    NaN,
    NaN,
    NaN,
    NaN,
    NaN,
    NaN,
    NaN,
    NaN,
    NaN,
    NaN,
    NaN,
    NaN,
    NaN,
    NaN,
    NaN,
    NaN,
    NaN,
    NaN,
    NaN,
    NaN,
    NaN,
    NaN,
    NaN,
    NaN,
    NaN,
    NaN,
    NaN,
    NaN,
    NaN,
    NaN,
    NaN,
    NaN,
    NaN
  ]
}