{
  "np(FCC_L12)": [
    1.0000000000000002,
    0.9999999999999998,
    1.0000000000000002,
    0.9999999999999992,
    0.9999999999999999,
    0.9999999999999978,
    1.0000000000000024,
    0.9999999999999992,
    1.0000000000000067,
    1.0000000000000013,
    0.9999999999999988,
    0.9999999999999988,
    1.0000000000000007,
    1.0000000000000002,
    0.9999999999999994,
    1.0000000000000002,
    1.0,
    1.0,
    1.0,
    1.0,
    1.0000000000000002,
    0.9999999999999996,
    1.0000000000000007,
    1.0,
    0.9999999999999999,
    0.9999999999999999,
    1.0,
    1.0,
    1.0000000000000004,
    0.9999999999999986,
    1.0000000000000002,
    0.9999999999999998,
    0.9999999999999976,
    0.9999999999999992,
    0.9999999999999982,
    0.9999999999999983,
    0.9999999999999996,
    0.9999999999999997,
    1.0,
    1.0
  ],
  "np(FCC_L12#1)": [
    1.0000000000000002,
    0.9999999999999998,
    1.0000000000000002,
    0.9999999999999992,
    0.9999999999999999,
    0.9999999999999978,
    1.0000000000000024,
    0.9999999999999992,
    1.0000000000000067,
    1.0000000000000013,
    0.9999999999999988,
    0.9999999999999988,
    1.0000000000000007,
    1.0000000000000002,
    0.9999999999999994,
    1.0000000000000002,
    1.0,
    1.0,
    1.0,
    1.0,
    1.0000000000000002,
    0.9999999999999996,
    1.0000000000000007,
    1.0,
    0.9999999999999999,
    0.9999999999999999,
    1.0,
    1.0,
    1.0000000000000004,
    0.9999999999999986,
    1.0000000000000002,
    0.9999999999999998,
    0.9999999999999976,
    0.9999999999999992,
    0.9999999999999982,
    0.9999999999999983,
    0.9999999999999996,
    0.9999999999999997,
    1.0,
    1.0
  ],
  "np(FCC_L12#2)": [
    NaN,
    NaN,
    NaN,
    NaN,
    NaN,
    NaN,
    NaN,
    NaN,
    NaN,
    NaN,
    NaN,
    NaN,
    NaN,
    NaN,
    NaN,
    NaN,
    NaN,
    NaN,
    NaN,
    NaN,
    NaN,
    NaN,
    NaN,
    NaN,
    NaN,
    NaN,
    NaN,
    NaN,
    NaN,
    NaN,
    NaN,
    NaN,
    NaN,
    NaN,
    NaN,
    NaN,
    NaN,
    NaN,
    NaN,
    NaN
  ]
}