{
  "np(FCC_L12)": [
    0.9999999999999999,
    0.9999999999999994,
    1.0000000000000002,
    1.0000000000000013,
    1.0000000000000018,
    1.0000000000000073,
    0.9999999999999897,
    0.9999999999999964,
    1.0000000000000004,
    0.999999999999998,
    0.9999999999999998,
    0.9999999999999998,
    0.9999999999999988,
    0.9999999999999987,
    1.0000000000000004,
    1.0,
    0.9999999999999999,
    1.0000000000000002,
    1.0000000000000002,
    0.9999999999999996,
    0.9999999999999996,
    1.0000000000000007,
    1.0000000000000002,
    0.9999999999999998,
    0.9999999999999998,
    0.9999999999999999,
    0.9999999999999999,
    0.9999999999999997,
    0.9999999999999992,
    1.0000000000000007,
    0.9999999999999993,
    1.0000000000000009,
    1.0,
    0.9999999999999999,
    1.0000000000000016,
    0.9999999999999991,
    0.999999999999999,
    0.9999999999999991,
    1.0000000000000007,
    0.9999999999999996
  ],
  "np(FCC_L12#1)": [
    0.9999999999999999,
    0.9999999999999994,
    1.0000000000000002,
    1.0000000000000013,
    1.0000000000000018,
    1.0000000000000073,
    0.9999999999999897,
    0.9999999999999964,
    1.0000000000000004,
    0.999999999999998,
    0.9999999999999998,
    0.9999999999999998,
    0.9999999999999988,
    0.9999999999999987,
    1.0000000000000004,
    1.0,
    0.9999999999999999,
    1.0000000000000002,
    1.0000000000000002,
    0.9999999999999996,
    0.9999999999999996,
    1.0000000000000007,
    1.0000000000000002,
    0.9999999999999998,
    0.9999999999999998,
    0.9999999999999999,
    0.9999999999999999,
    0.9999999999999997,
    0.9999999999999992,
    1.0000000000000007,
    0.9999999999999993,
    1.0000000000000009,
    1.0,
    0.9999999999999999,
    1.0000000000000016,
    0.9999999999999991,
    0.999999999999999,
    0.9999999999999991,
    1.0000000000000007,
    0.9999999999999996
  ],
  "np(FCC_L12#2)": [
    NaN,
    NaN,
    NaN,
    NaN,
    NaN,
    NaN,
    NaN,
    NaN,
    NaN,
    NaN,
    NaN,
    NaN,
    NaN,
    NaN,
    NaN,
    NaN,
    NaN,
    NaN,
    NaN,
    NaN,
    NaN,
    NaN,
    NaN,
    NaN,
    NaN,
    NaN,
    NaN,
    NaN,
    NaN,
    NaN,
    NaN,
    NaN,
    NaN,
    NaN,
    NaN,
    NaN,
    NaN,
    NaN,
    NaN,
    NaN
  ]
}