{
  "np(FCC_L12)": [
    0.0,
    0.0,
    0.0,
    0.0,
    0.0,
    0.0,
    0.0,
    0.0,
    0.0,
    0.0,
    0.0,
    0.0,
    0.0,
    0.0,
    0.0,
    0.0,
    0.0,
    0.0,
    0.0,
    0.0,
    0.0,
    0.0,
    0.0,
    0.0,
    0.0,
    0.0,
    0.0,
    0.0,
    0.0,
    0.0,
    0.0,
    0.0,
    0.0,
    0.0,
    0.0,
    0.0,
    0.0,
    0.0,
    0.0,
    0.0
  ],
  "np(FCC_L12#1)": [
    0.0,
    0.0,
    0.0,
    0.0,
    0.0,
    0.0,
    0.0,
    0.0,
    0.0,
    0.0,
    0.0,
    0.0,
    0.0,
    0.0,
    0.0,
    0.0,
    0.0,
    0.0,
    0.0,
    0.0,
    0.0,
    0.0,
    0.0,
    0.0,
    0.0,
    0.0,
    0.0,
    0.0,
    0.0,
    0.0,
    0.0,
    0.0,
    0.0,
    0.0,
    0.0,
    0.0,
    0.0,
    0.0,
    0.0,
    0.0
  ],
  "np(FCC_L12#2)": [
    0.0,
    1.0,
    1.0000000000000007,
    0.9999999999999993,
    1.0000000000000007,
    1.000000000000001,
    0.9999999999999967,
    0.9999999999999997,
    1.0000000000000004,
    0.9999999999999994,
    1.0000000000000013,
    0.9999999999999997,
    1.0000000000000002,
    1.0000000000000007,
    1.0000000000000002,
    0.9999999999999991,
    1.0,
    0.9999999999999999,
    0.9999999999999994,
    0.9999999999999998,
    1.0000000000000002,
    1.0000000000000004,
    1.0000000000000004,
    0.9999999999999997,
    0.9999999999999997,
    0.9999999999999993,
    0.9999999999999998,
    0.9999999999999992,
    1.0000000000000004,
    1.0000000000000004,
    0.9999999999999991,
    0.9999999999999998,
    0.9999999999999981,
    1.0,
    0.9999999999999991,
    1.0000000000000018,
    1.0000000000000007,
    0.9999999999999993,
    0.9999999999999996,
    1.0000000000000007
  ]
}