{
  "np(FCC_L12)": [
    1.0000000000000004,
    0.9999999999999992,
    1.0000000000000004,
    0.9999999999999993,
    1.0000000000000002,
    1.0000000000000013,
    0.9999999999999983,
    1.0000000000000102,
    0.9999999999999957,
    0.9999999999999992,
    1.0000000000000016,
    0.9999999999999991,
    0.9999999999999999,
    1.0000000000000002,
    1.0000000000000002,
    0.9999999999999997,
    0.9999999999999998,
    1.0000000000000002,
    1.0,
    0.9999999999999998,
    0.9999999999999999,
    0.9999999999999996,
    1.0,
    0.9999999999999998,
    1.0000000000000004,
    0.9999999999999998,
    0.9999999999999999,
    1.0000000000000004,
    1.0,
    0.9999999999999999,
    1.0,
    1.0000000000000002,
    0.9999999999999999,
    1.0,
    0.9999999999999992,
    1.0000000000000016,
    0.9999999999999978,
    0.9999999999999984,
    0.9999999999999999,
    1.0000000000000002
  ],
  "np(FCC_L12#1)": [
    1.0000000000000004,
    0.9999999999999992,
    1.0000000000000004,
    0.9999999999999993,
    1.0000000000000002,
    1.0000000000000013,
    0.9999999999999983,
    1.0000000000000102,
    0.9999999999999957,
    0.9999999999999992,
    1.0000000000000016,
    0.9999999999999991,
    0.9999999999999999,
    1.0000000000000002,
    1.0000000000000002,
    0.9999999999999997,
    0.9999999999999998,
    1.0000000000000002,
    1.0,
    0.9999999999999998,
    0.9999999999999999,
    0.9999999999999996,
    1.0,
    0.9999999999999998,
    1.0000000000000004,
    0.9999999999999998,
    0.9999999999999999,
    1.0000000000000004,
    1.0,
    0.9999999999999999,
    1.0,
    1.0000000000000002,
    0.9999999999999999,
    1.0,
    0.9999999999999992,
    1.0000000000000016,
    0.9999999999999978,
    0.9999999999999984,
    0.9999999999999999,
    1.0000000000000002
  ],
  "np(FCC_L12#2)": [
    0.0,
    0.0,
    0.0,
    0.0,
    0.0,
    0.0,
    0.0,
    0.0,
    0.0,
    0.0,
    0.0,
    0.0,
    0.0,
    0.0,
    0.0,
    0.0,
    0.0,
    0.0,
    0.0,
    0.0,
    0.0,
    0.0,
    0.0,
    0.0,
    0.0,
    0.0,
    0.0,
    0.0,
    0.0,
    0.0,
    0.0,
    0.0,
    0.0,
    0.0,
    0.0,
    0.0,
    0.0,
    0.0,
    0.0,
    0.0
  ]
}