{
  "np(FCC_L12)": [
    1.0,
    1.0000000000000002,
    1.0000000000000007,
    0.9999999999999996,
    1.000000000000001,
    1.0000000000000016,
    0.9999999999999999,
    1.0000000000000016,
    0.9999999999999957,
    0.9999999999999971,
    0.999999999999999,
    0.9999999999999997,
    1.0000000000000013,
    1.000000000000001,
    0.9999999999999992,
    0.9999999999999996,
    0.9999999999999999,
    1.0,
    1.0,
    0.9999999999999998,
    0.9999999999999998,
    0.9999999999999999,
    0.9999999999999998,
    0.9999999999999996,
    1.0,
    1.0000000000000004,
    0.9999999999999992,
    1.0000000000000002,
    1.0,
    0.9999999999999998,
    1.0000000000000007,
    0.9999999999999989,
    0.9999999999999976,
    1.0000000000000004,
    0.9999999999999984,
    0.9999999999999967,
    0.9999999999999989,
    0.9999999999999998,
    0.9999999999999984,
    0.9999999999999996
  ],
  "np(FCC_L12#1)": [
    1.0,
    1.0000000000000002,
    1.0000000000000007,
    0.9999999999999996,
    1.000000000000001,
    1.0000000000000016,
    0.9999999999999999,
    1.0000000000000016,
    0.9999999999999957,
    0.9999999999999971,
    0.999999999999999,
    0.9999999999999997,
    1.0000000000000013,
    1.000000000000001,
    0.9999999999999992,
    0.9999999999999996,
    0.9999999999999999,
    1.0,
    1.0,
    0.9999999999999998,
    0.9999999999999998,
    0.9999999999999999,
    0.9999999999999998,
    0.9999999999999996,
    1.0,
    1.0000000000000004,
    0.9999999999999992,
    1.0000000000000002,
    1.0,
    0.9999999999999998,
    1.0000000000000007,
    0.9999999999999989,
    0.9999999999999976,
    1.0000000000000004,
    0.9999999999999984,
    0.9999999999999967,
    0.9999999999999989,
    0.9999999999999998,
    0.9999999999999984,
    0.9999999999999996
  ],
  "np(FCC_L12#2)": [
    0.0,
    0.0,
    0.0,
    0.0,
    0.0,
    0.0,
    0.0,
    0.0,
    0.0,
    0.0,
    0.0,
    0.0,
    0.0,
    0.0,
    0.0,
    0.0,
    0.0,
    0.0,
    0.0,
    0.0,
    0.0,
    0.0,
    0.0,
    0.0,
    0.0,
    0.0,
    0.0,
    0.0,
    0.0,
    0.0,
    0.0,
    0.0,
    0.0,
    0.0,
    0.0,
    0.0,
    0.0,
    0.0,
    0.0,
    0.0
  ]
}