{
  "np(FCC_L12)": [
    0.9999999999999999,
    1.0,
    1.0000000000000004,
    1.0000000000000004,
    1.0,
    1.0000000000000038,
    1.0000000000000033,
    0.9999999999999993,
    1.0000000000000009,
    1.0000000000000027,
    0.9999999999999998,
    0.9999999999999997,
    1.0000000000000002,
    0.9999999999999991,
    1.0000000000000009,
    1.0,
    1.0000000000000004,
    0.9999999999999996,
    1.0000000000000002,
    1.0000000000000007,
    1.0000000000000004,
    1.0,
    1.0000000000000004,
    0.9999999999999997,
    1.0000000000000007,
    1.0,
    1.0000000000000002,
    1.0000000000000007,
    0.9999999999999997,
    0.9999999999999997,
    1.0000000000000004,
    1.000000000000001,
    1.0,
    1.0000000000000002,
    0.9999999999999997,
    1.0000000000000009,
    0.9999999999999989,
    1.0,
    1.0000000000000004,
    1.0000000000000007
  ],
  "np(FCC_L12#1)": [
    0.9999999999999999,
    1.0,
    1.0000000000000004,
    1.0000000000000004,
    1.0,
    1.0000000000000038,
    1.0000000000000033,
    0.9999999999999993,
    1.0000000000000009,
    1.0000000000000027,
    0.9999999999999998,
    0.9999999999999997,
    1.0000000000000002,
    0.9999999999999991,
    1.0000000000000009,
    1.0,
    1.0000000000000004,
    0.9999999999999996,
    1.0000000000000002,
    1.0000000000000007,
    1.0000000000000004,
    1.0,
    1.0000000000000004,
    0.9999999999999997,
    1.0000000000000007,
    1.0,
    1.0000000000000002,
    1.0000000000000007,
    0.9999999999999997,
    0.9999999999999997,
    1.0000000000000004,
    1.000000000000001,
    1.0,
    1.0000000000000002,
    0.9999999999999997,
    1.0000000000000009,
    0.9999999999999989,
    1.0,
    1.0000000000000004,
    1.0000000000000007
  ],
  "np(FCC_L12#2)": [
    NaN,
    NaN,
    NaN,
    NaN,
    NaN,
    NaN,
    NaN,
    NaN,
    NaN,
    NaN,
    NaN,
    NaN,
    NaN,
    NaN,
    NaN,
    NaN,
    NaN,
    NaN,
    NaN,
    NaN,
    NaN,
    NaN,
    NaN,
    NaN,
    NaN,
    NaN,
    NaN,
    NaN,
    NaN,
    NaN,
    NaN,
    NaN,
    NaN,
    NaN,
    NaN,
    NaN,
    NaN,
    NaN,
    NaN,
    NaN
  ]
}