{
  "np(FCC_L12)": [
    1.0000000000000004,
    1.0000000000000004,
    0.9999999999999989,
    0.9999999999999994,
    0.999999999999999,
    0.999999999999999,
    1.0000000000000067,
    1.0000000000000053,
    0.999999999999995,
    1.000000000000008,
    0.9999999999999986,
    0.9999999999999996,
    1.000000000000002,
    1.0000000000000007,
    1.0000000000000002,
    1.0000000000000002,
    1.0,
    0.9999999999999993,
    1.0,
    0.9999999999999994,
    1.0,
    0.9999999999999999,
    1.0000000000000007,
    0.9999999999999999,
    1.0000000000000002,
    0.9999999999999993,
    1.0,
    0.9999999999999997,
    0.9999999999999996,
    0.9999999999999992,
    0.9999999999999993,
    0.9999999999999999,
    1.0000000000000002,
    1.0000000000000007,
    0.9999999999999991,
    1.0,
    0.9999999999999984,
    1.0000000000000002,
    0.9999999999999997,
    0.9999999999999994
  ],
  "np(FCC_L12#1)": [
    1.0000000000000004,
    1.0000000000000004,
    0.9999999999999989,
    0.9999999999999994,
    0.999999999999999,
    0.999999999999999,
    1.0000000000000067,
    1.0000000000000053,
    0.999999999999995,
    1.000000000000008,
    0.9999999999999986,
    0.9999999999999996,
    1.000000000000002,
    1.0000000000000007,
    1.0000000000000002,
    1.0000000000000002,
    1.0,
    0.9999999999999993,
    1.0,
    0.9999999999999994,
    1.0,
    0.9999999999999999,
    1.0000000000000007,
    0.9999999999999999,
    1.0000000000000002,
    0.9999999999999993,
    1.0,
    0.9999999999999997,
    0.9999999999999996,
    0.9999999999999992,
    0.9999999999999993,
    0.9999999999999999,
    1.0000000000000002,
    1.0000000000000007,
    0.9999999999999991,
    1.0,
    0.9999999999999984,
    1.0000000000000002,
    0.9999999999999997,
    0.9999999999999994
  ],
  "np(FCC_L12#2)": [
    0.0,
    0.0,
    0.0,
    0.0,
    0.0,
    0.0,
    0.0,
    0.0,
    0.0,
    0.0,
    0.0,
    0.0,
    0.0,
    0.0,
    0.0,
    0.0,
    0.0,
    0.0,
    0.0,
    0.0,
    0.0,
    0.0,
    0.0,
    0.0,
    0.0,
    0.0,
    0.0,
    0.0,
    0.0,
    0.0,
    0.0,
    0.0,
    0.0,
    0.0,
    0.0,
    0.0,
    0.0,
    0.0,
    0.0,
    0.0
  ]
}