{
  "np(FCC_L12)": [
    1.0,
    0.9999999999999997,
    0.9999999999999999,
    0.9999999999999978,
    0.9999999999999997,
    1.0000000000000029,
    0.9999999999999974,
    0.9999999999999982,
    1.000000000000005,
    0.9999999999999987,
    0.999999999999998,
    1.000000000000002,
    1.0000000000000013,
    1.000000000000001,
    1.0000000000000004,
    0.9999999999999997,
    0.9999999999999993,
    0.9999999999999992,
    1.0000000000000002,
    0.9999999999999999,
    1.0000000000000009,
    1.0000000000000004,
    1.0000000000000002,
    1.0000000000000004,
    0.9999999999999999,
    1.0000000000000002,
    0.9999999999999997,
    1.0000000000000002,
    1.0000000000000002,
    1.0000000000000009,
    1.0,
    1.0000000000000004,
    0.9999999999999996,
    0.9999999999999984,
    1.0000000000000002,
    0.9999999999999973,
    0.9999999999999973,
    0.9999999999999989,
    0.9999999999999998,
    1.0
  ],
  "np(FCC_L12#1)": [
    1.0,
    0.9999999999999997,
    0.9999999999999999,
    0.9999999999999978,
    0.9999999999999997,
    1.0000000000000029,
    0.9999999999999974,
    0.9999999999999982,
    1.000000000000005,
    0.9999999999999987,
    0.999999999999998,
    1.000000000000002,
    1.0000000000000013,
    1.000000000000001,
    1.0000000000000004,
    0.9999999999999997,
    0.9999999999999993,
    0.9999999999999992,
    1.0000000000000002,
    0.9999999999999999,
    1.0000000000000009,
    1.0000000000000004,
    1.0000000000000002,
    1.0000000000000004,
    0.9999999999999999,
    1.0000000000000002,
    0.9999999999999997,
    1.0000000000000002,
    1.0000000000000002,
    1.0000000000000009,
    1.0,
    1.0000000000000004,
    0.9999999999999996,
    0.9999999999999984,
    1.0000000000000002,
    0.9999999999999973,
    0.9999999999999973,
    0.9999999999999989,
    0.9999999999999998,
    1.0
  ],
  "np(FCC_L12#2)": [
    0.0,
    0.0,
    0.0,
    0.0,
    0.0,
    0.0,
    0.0,
    0.0,
    0.0,
    0.0,
    0.0,
    0.0,
    0.0,
    0.0,
    0.0,
    0.0,
    0.0,
    0.0,
    0.0,
    0.0,
    0.0,
    0.0,
    0.0,
    0.0,
    0.0,
    0.0,
    0.0,
    0.0,
    0.0,
    0.0,
    0.0,
    0.0,
    0.0,
    0.0,
    0.0,
    0.0,
    0.0,
    0.0,
    0.0,
    0.0
  ]
}