{
  "np(FCC_L12)": [
    0.9999999999999996,
    1.0,
    0.999999999999999,
    1.0000000000000007,
    1.0,
    1.000000000000004,
    1.000000000000002,
    0.9999999999999889,
    0.9999999999999903,
    0.9999999999999916,
    0.9999999999999982,
    1.0000000000000016,
    0.9999999999999994,
    0.9999999999999993,
    1.0000000000000004,
    1.0000000000000007,
    1.0000000000000004,
    1.0000000000000007,
    0.9999999999999998,
    0.9999999999999994,
    1.0000000000000002,
    0.9999999999999999,
    0.9999999999999994,
    1.0,
    0.9999999999999998,
    1.0000000000000002,
    1.0,
    0.9999999999999997,
    0.9999999999999997,
    0.9999999999999998,
    1.0,
    0.9999999999999999,
    0.9999999999999998,
    1.0000000000000002,
    1.0000000000000009,
    0.9999999999999983,
    0.9999999999999998,
    1.0,
    1.0000000000000007,
    0.9999999999999999
  ],
  "np(FCC_L12#1)": [
    0.9999999999999996,
    1.0,
    0.999999999999999,
    1.0000000000000007,
    1.0,
    1.000000000000004,
    1.000000000000002,
    0.9999999999999889,
    0.9999999999999903,
    0.9999999999999916,
    0.9999999999999982,
    1.0000000000000016,
    0.9999999999999994,
    0.9999999999999993,
    1.0000000000000004,
    1.0000000000000007,
    1.0000000000000004,
    1.0000000000000007,
    0.9999999999999998,
    0.9999999999999994,
    1.0000000000000002,
    0.9999999999999999,
    0.9999999999999994,
    1.0,
    0.9999999999999998,
    1.0000000000000002,
    1.0,
    0.9999999999999997,
    0.9999999999999997,
    0.9999999999999998,
    1.0,
    0.9999999999999999,
    0.9999999999999998,
    1.0000000000000002,
    1.0000000000000009,
    0.9999999999999983,
    0.9999999999999998,
    1.0,
    1.0000000000000007,
    0.9999999999999999
  ],
  "np(FCC_L12#2)": [
    NaN,
    NaN,
    NaN,
    NaN,
    NaN,
    NaN,
    NaN,
    NaN,
    NaN,
    NaN,
    NaN,
    NaN,
    NaN,
    NaN,
    NaN,
    NaN,
    NaN,
    NaN,
    NaN,
    NaN,
    NaN,
    NaN,
    NaN,
    NaN,
    NaN,
    NaN,
    NaN,
    NaN,
    NaN,
    NaN,
    NaN,
    NaN,
    NaN,
    NaN,
    NaN,
    NaN,
    NaN,
    NaN,
    NaN,
    NaN
  ]
}