{
  "np(FCC_L12)": [
    1.0000000000000007,
    1.0000000000000002,
    1.0000000000000004,
    1.0000000000000007,
    0.999999999999998,
    1.0000000000000029,
    1.0000000000000016,
    1.0000000000000053,
    1.0000000000000018,
    0.999999999999999,
    1.0000000000000033,
    1.0000000000000007,
    1.0000000000000004,
    1.0000000000000002,
    1.0000000000000007,
    0.9999999999999999,
    0.9999999999999998,
    1.0000000000000004,
    0.9999999999999999,
    1.0000000000000002,
    0.9999999999999996,
    1.0,
    1.0,
    1.0000000000000004,
    1.0000000000000002,
    1.0000000000000004,
    0.9999999999999994,
    0.9999999999999998,
    1.0000000000000002,
    1.0000000000000004,
    0.9999999999999979,
    0.999999999999999,
    0.9999999999999983,
    0.9999999999999983,
    0.9999999999999987,
    1.0000000000000007,
    0.9999999999999998,
    0.9999999999999982,
    1.0000000000000004,
    0.9999999999999998
  ],
  "np(FCC_L12#1)": [
    1.0000000000000007,
    1.0000000000000002,
    1.0000000000000004,
    1.0000000000000007,
    0.999999999999998,
    1.0000000000000029,
    1.0000000000000016,
    1.0000000000000053,
    1.0000000000000018,
    0.999999999999999,
    1.0000000000000033,
    1.0000000000000007,
    1.0000000000000004,
    1.0000000000000002,
    1.0000000000000007,
    0.9999999999999999,
    0.9999999999999998,
    1.0000000000000004,
    0.9999999999999999,
    1.0000000000000002,
    0.9999999999999996,
    1.0,
    1.0,
    1.0000000000000004,
    1.0000000000000002,
    1.0000000000000004,
    0.9999999999999994,
    0.9999999999999998,
    1.0000000000000002,
    1.0000000000000004,
    0.9999999999999979,
    0.999999999999999,
    0.9999999999999983,
    0.9999999999999983,
    0.9999999999999987,
    1.0000000000000007,
    0.9999999999999998,
    0.9999999999999982,
    1.0000000000000004,
    0.9999999999999998
  ],
  "np(FCC_L12#2)": [
    0.0,
    0.0,
    0.0,
    0.0,
    0.0,
    0.0,
    0.0,
    0.0,
    0.0,
    0.0,
    0.0,
    0.0,
    0.0,
    0.0,
    0.0,
    0.0,
    0.0,
    0.0,
    0.0,
    0.0,
    0.0,
    0.0,
    0.0,
    0.0,
    0.0,
    0.0,
    0.0,
    0.0,
    0.0,
    0.0,
    0.0,
    0.0,
    0.0,
    0.0,
    0.0,
    0.0,
    0.0,
    0.0,
    0.0,
    0.0
  ]
}